Region/Country,Year,Value
Afghanistan,2010,27.3
Afghanistan,2015,27.7
Afghanistan,2018,27.7
Afghanistan,2020,27
Afghanistan,2021,27
Afghanistan,2022,27
Albania,2000,5.2
Albania,2005,6.4
Albania,2010,16.4
Albania,2015,20.7
Albania,2018,27.9
Albania,2019,29.3
Albania,2020,29.5
Albania,2021,29.5
Albania,2022,35.7
Algeria,2000,3.2
Algeria,2005,6.2
Algeria,2010,7.7
Algeria,2015,31.6
Algeria,2018,25.8
Algeria,2019,25.8
Algeria,2020,25.8
Algeria,2021,26
Algeria,2022,8.1
Andorra,2000,7.1
Andorra,2005,14.3
Andorra,2010,35.7
Andorra,2015,50
Andorra,2018,32.1
Andorra,2019,32.1
Andorra,2020,46.4
Andorra,2021,46.4
Andorra,2022,46.4
Angola,2000,15.5
Angola,2005,15
Angola,2010,38.6
Angola,2015,36.8
Angola,2018,30.5
Angola,2019,30
Angola,2020,30
Angola,2021,29.6
Angola,2022,29.6
Antigua and Barbuda,2000,5.3
Antigua and Barbuda,2005,10.5
Antigua and Barbuda,2010,10.5
Antigua and Barbuda,2015,11.1
Antigua and Barbuda,2018,11.1
Antigua and Barbuda,2019,11.1
Antigua and Barbuda,2020,11.1
Antigua and Barbuda,2021,11.1
Antigua and Barbuda,2022,11.1
Argentina,2000,28
Argentina,2005,33.7
Argentina,2010,38.5
Argentina,2015,36.2
Argentina,2018,38.9
Argentina,2019,38.8
Argentina,2020,40.9
Argentina,2021,42.4
Argentina,2022,44.8
Armenia,2000,3.1
Armenia,2005,5.3
Armenia,2010,9.2
Armenia,2015,10.7
Armenia,2018,18.1
Armenia,2019,24.2
Armenia,2020,23.5
Armenia,2021,22.7
Armenia,2022,34.6
Australia,2000,22.4
Australia,2005,24.7
Australia,2010,27.3
Australia,2015,26.7
Australia,2018,28.7
Australia,2019,30
Australia,2020,30.5
Australia,2021,31.1
Australia,2022,31.1
Austria,2000,26.8
Austria,2005,33.9
Austria,2010,27.9
Austria,2015,30.6
Austria,2018,34.4
Austria,2019,37.2
Austria,2020,39.3
Austria,2021,39.9
Austria,2022,41.5
Azerbaijan,2000,10.4
Azerbaijan,2005,10.5
Azerbaijan,2010,11.4
Azerbaijan,2015,15.6
Azerbaijan,2018,16.8
Azerbaijan,2019,16.8
Azerbaijan,2020,16.8
Azerbaijan,2021,18.2
Azerbaijan,2022,18.3
Bahamas,2000,15
Bahamas,2005,20
Bahamas,2010,12.2
Bahamas,2015,13.2
Bahamas,2018,12.8
Bahamas,2019,12.8
Bahamas,2020,12.8
Bahamas,2021,12.8
Bahamas,2022,18
Bahrain,2005,0
Bahrain,2010,2.5
Bahrain,2015,7.5
Bahrain,2018,7.5
Bahrain,2019,15
Bahrain,2020,15
Bahrain,2021,15
Bahrain,2022,15
Bangladesh,2000,9.1
Bangladesh,2005,2
Bangladesh,2010,18.6
Bangladesh,2015,20
Bangladesh,2018,20.3
Bangladesh,2019,20.7
Bangladesh,2020,20.9
Bangladesh,2021,20.9
Bangladesh,2022,20.9
Barbados,2000,10.7
Barbados,2005,13.3
Barbados,2010,10
Barbados,2015,16.7
Barbados,2018,16.7
Barbados,2019,20
Barbados,2020,20
Barbados,2021,20
Barbados,2022,20
Belarus,2000,9.1
Belarus,2005,29.4
Belarus,2010,31.8
Belarus,2015,27.3
Belarus,2018,34.5
Belarus,2019,34.5
Belarus,2020,40
Belarus,2021,40
Belarus,2022,40
Belgium,2000,23.3
Belgium,2005,34.7
Belgium,2010,38
Belgium,2015,39.3
Belgium,2018,38
Belgium,2019,38
Belgium,2020,40.7
Belgium,2021,42
Belgium,2022,42
Belize,2000,6.9
Belize,2005,6.7
Belize,2010,0
Belize,2015,3.1
Belize,2018,9.4
Belize,2019,9.4
Belize,2020,9.4
Belize,2021,12.5
Belize,2022,12.5
Benin,2000,6
Benin,2005,7.2
Benin,2010,10.8
Benin,2015,8.4
Benin,2018,7.2
Benin,2019,7.2
Benin,2020,7.2
Benin,2021,8.4
Benin,2022,7.4
Bhutan,2000,2
Bhutan,2005,9.3
Bhutan,2010,8.5
Bhutan,2015,8.5
Bhutan,2018,8.5
Bhutan,2019,14.9
Bhutan,2020,14.9
Bhutan,2021,14.9
Bhutan,2022,17.4
Bolivia (Plurin. State of),2000,11.5
Bolivia (Plurin. State of),2005,19.2
Bolivia (Plurin. State of),2010,22.3
Bolivia (Plurin. State of),2015,53.1
Bolivia (Plurin. State of),2018,53.1
Bolivia (Plurin. State of),2019,53.1
Bolivia (Plurin. State of),2020,53.1
Bolivia (Plurin. State of),2021,46.2
Bolivia (Plurin. State of),2022,46.2
Bosnia and Herzegovina,2000,7.1
Bosnia and Herzegovina,2005,16.7
Bosnia and Herzegovina,2010,19
Bosnia and Herzegovina,2015,21.4
Bosnia and Herzegovina,2018,21.4
Bosnia and Herzegovina,2019,21.4
Bosnia and Herzegovina,2020,21.4
Bosnia and Herzegovina,2021,26.2
Bosnia and Herzegovina,2022,26.2
Botswana,2000,17
Botswana,2005,11.1
Botswana,2010,7.9
Botswana,2015,9.5
Botswana,2018,9.5
Botswana,2019,9.5
Botswana,2020,10.8
Botswana,2021,10.8
Botswana,2022,11.1
Brazil,2000,5.7
Brazil,2005,8.6
Brazil,2010,8.8
Brazil,2015,9
Brazil,2018,10.7
Brazil,2019,15
Brazil,2020,14.6
Brazil,2021,15.2
Brazil,2022,14.8
Brunei Darussalam,2018,9.1
Brunei Darussalam,2019,9.1
Brunei Darussalam,2020,9.1
Brunei Darussalam,2021,9.1
Brunei Darussalam,2022,9.1
Bulgaria,2000,10.8
Bulgaria,2005,26.3
Bulgaria,2010,20.8
Bulgaria,2015,20.4
Bulgaria,2018,23.8
Bulgaria,2019,25.8
Bulgaria,2020,26.7
Bulgaria,2021,27.1
Bulgaria,2022,22.5
Burkina Faso,2000,8.1
Burkina Faso,2005,11.7
Burkina Faso,2010,15.3
Burkina Faso,2015,13.3
Burkina Faso,2018,11
Burkina Faso,2019,13.4
Burkina Faso,2020,13.4
Burkina Faso,2021,6.3
Burkina Faso,2022,6.3
Burundi,2000,6
Burundi,2005,18.4
Burundi,2010,31.4
Burundi,2015,30.5
Burundi,2018,36.4
Burundi,2019,36.4
Burundi,2020,36.4
Burundi,2021,38.2
Burundi,2022,38.2
Cabo Verde,2000,11.1
Cabo Verde,2005,11.1
Cabo Verde,2010,18.1
Cabo Verde,2015,20.8
Cabo Verde,2018,23.6
Cabo Verde,2019,23.6
Cabo Verde,2020,25
Cabo Verde,2021,26.4
Cabo Verde,2022,38.9
Cambodia,2000,8.2
Cambodia,2005,9.8
Cambodia,2010,21.1
Cambodia,2015,20.3
Cambodia,2018,20.3
Cambodia,2019,20
Cambodia,2020,20
Cambodia,2021,21.6
Cambodia,2022,20.8
Cameroon,2000,5.6
Cameroon,2005,8.9
Cameroon,2010,13.9
Cameroon,2015,31.1
Cameroon,2018,31.1
Cameroon,2019,31.1
Cameroon,2020,31.1
Cameroon,2021,33.9
Cameroon,2022,33.9
Canada,2000,20.6
Canada,2005,21.1
Canada,2010,22.1
Canada,2015,25.2
Canada,2018,27
Canada,2019,26.9
Canada,2020,29
Canada,2021,29.6
Canada,2022,30.5
Central African Republic,2000,7.3
Central African Republic,2010,9.6
Central African Republic,2018,8.6
Central African Republic,2019,8.6
Central African Republic,2020,8.6
Central African Republic,2021,8.6
Central African Republic,2022,12.9
Chad,2000,2.4
Chad,2005,6.5
Chad,2010,5.2
Chad,2015,14.9
Chad,2018,12.8
Chad,2019,14.9
Chad,2020,15.4
Chad,2021,15.4
Chad,2022,31.2
Chile,2000,10.8
Chile,2005,12.5
Chile,2010,14.2
Chile,2015,15.8
Chile,2019,22.6
Chile,2020,22.6
Chile,2021,22.6
Chile,2022,35.5
China,2000,21.8
China,2005,20.2
China,2010,21.3
China,2015,23.6
China,2018,24.2
China,2019,24.9
China,2020,24.9
China,2021,24.9
China,2022,24.9
Colombia,2000,11.8
Colombia,2005,12
Colombia,2010,8.4
Colombia,2015,19.9
Colombia,2018,18.7
Colombia,2019,18.7
Colombia,2020,18.3
Colombia,2021,18.8
Colombia,2022,18.6
Comoros,2005,3
Comoros,2010,3
Comoros,2018,6.1
Comoros,2019,6.1
Comoros,2020,6.1
Comoros,2021,16.7
Comoros,2022,16.7
Congo,2000,12
Congo,2005,8.5
Congo,2010,7.3
Congo,2015,7.4
Congo,2018,11.3
Congo,2019,11.3
Congo,2020,11.3
Congo,2021,11.3
Congo,2022,11.3
Costa Rica,2000,19.3
Costa Rica,2005,35.1
Costa Rica,2010,36.8
Costa Rica,2015,33.3
Costa Rica,2018,35.1
Costa Rica,2019,45.6
Costa Rica,2020,45.6
Costa Rica,2021,45.6
Costa Rica,2022,45.6
Côte d’Ivoire,2000,8.5
Côte d’Ivoire,2005,8.5
Côte d’Ivoire,2010,8.9
Côte d’Ivoire,2015,9.2
Côte d’Ivoire,2018,10.6
Côte d’Ivoire,2019,11
Côte d’Ivoire,2020,12
Côte d’Ivoire,2021,11.4
Côte d’Ivoire,2022,14.2
Croatia,2000,0
Croatia,2005,21.7
Croatia,2010,23.5
Croatia,2015,25.8
Croatia,2018,18.5
Croatia,2019,20.5
Croatia,2020,19.2
Croatia,2021,31.1
Croatia,2022,31.8
Cuba,2000,27.6
Cuba,2005,36
Cuba,2010,43.2
Cuba,2015,48.9
Cuba,2018,48.9
Cuba,2019,53.2
Cuba,2020,53.2
Cuba,2021,53.4
Cuba,2022,53.4
Cyprus,2000,5.4
Cyprus,2005,16.1
Cyprus,2010,12.5
Cyprus,2015,12.5
Cyprus,2018,17.9
Cyprus,2019,17.9
Cyprus,2020,19.6
Cyprus,2021,21.4
Cyprus,2022,14.3
Czechia,2000,15
Czechia,2005,17
Czechia,2010,15.5
Czechia,2015,19
Czechia,2018,22
Czechia,2019,22.5
Czechia,2020,22.5
Czechia,2021,23
Czechia,2022,25.5
Dem. People's Rep. Korea,2000,20.1
Dem. People's Rep. Korea,2005,20.1
Dem. People's Rep. Korea,2010,15.6
Dem. People's Rep. Korea,2015,16.3
Dem. People's Rep. Korea,2018,16.3
Dem. People's Rep. Korea,2019,16.3
Dem. People's Rep. Korea,2020,17.6
Dem. People's Rep. Korea,2021,17.6
Dem. People's Rep. Korea,2022,17.6
Dem. Rep. of the Congo,2005,12
Dem. Rep. of the Congo,2010,8.4
Dem. Rep. of the Congo,2015,8.9
Dem. Rep. of the Congo,2018,8.9
Dem. Rep. of the Congo,2019,10.3
Dem. Rep. of the Congo,2020,12.8
Dem. Rep. of the Congo,2021,12.8
Dem. Rep. of the Congo,2022,12.8
Denmark,2000,37.4
Denmark,2005,38
Denmark,2010,38
Denmark,2015,38
Denmark,2018,37.4
Denmark,2019,37.4
Denmark,2020,39.7
Denmark,2021,39.7
Denmark,2022,39.7
Djibouti,2000,0
Djibouti,2005,10.8
Djibouti,2010,13.8
Djibouti,2015,12.7
Djibouti,2018,10.8
Djibouti,2019,26.2
Djibouti,2020,26.2
Djibouti,2021,26.2
Djibouti,2022,26.2
Dominica,2000,18.8
Dominica,2005,19.4
Dominica,2010,14.3
Dominica,2015,21.9
Dominica,2018,25
Dominica,2019,25
Dominica,2020,38.1
Dominica,2021,34.4
Dominica,2022,34.4
Dominican Republic,2000,16.1
Dominican Republic,2005,17.3
Dominican Republic,2010,19.7
Dominican Republic,2015,20.8
Dominican Republic,2018,26.8
Dominican Republic,2019,26.8
Dominican Republic,2020,27.9
Dominican Republic,2021,27.9
Dominican Republic,2022,27.9
Ecuador,2000,17.4
Ecuador,2005,16
Ecuador,2010,32.3
Ecuador,2015,41.6
Ecuador,2018,38
Ecuador,2019,38
Ecuador,2020,39.4
Ecuador,2021,39.4
Ecuador,2022,38.7
Egypt,2018,14.9
Egypt,2019,14.9
Egypt,2020,15.1
Egypt,2021,27.4
Egypt,2022,27.7
El Salvador,2000,16.7
El Salvador,2005,10.7
El Salvador,2010,19
El Salvador,2015,27.4
El Salvador,2018,32.1
El Salvador,2019,31
El Salvador,2020,33.3
El Salvador,2021,33.3
El Salvador,2022,27.4
Equatorial Guinea,2000,5
Equatorial Guinea,2005,18
Equatorial Guinea,2010,10
Equatorial Guinea,2015,24
Equatorial Guinea,2018,20
Equatorial Guinea,2019,20
Equatorial Guinea,2020,21
Equatorial Guinea,2021,23
Equatorial Guinea,2022,22
Eritrea,2000,14.7
Eritrea,2005,22
Eritrea,2010,22
Eritrea,2015,22
Eritrea,2018,22
Eritrea,2019,22
Estonia,2000,17.8
Estonia,2005,18.8
Estonia,2010,22.8
Estonia,2015,19.8
Estonia,2018,26.7
Estonia,2019,28.7
Estonia,2020,28.7
Estonia,2021,27.7
Estonia,2022,25.7
Eswatini,2000,3.1
Eswatini,2005,10.8
Eswatini,2010,13.6
Eswatini,2015,6.2
Eswatini,2018,6.2
Eswatini,2019,7.2
Eswatini,2020,9.6
Eswatini,2021,9.6
Eswatini,2022,12.2
Ethiopia,2000,2
Ethiopia,2005,7.7
Ethiopia,2010,21.9
Ethiopia,2015,27.8
Ethiopia,2018,38.8
Ethiopia,2019,38.8
Ethiopia,2020,38.8
Ethiopia,2021,38.8
Ethiopia,2022,41.5
Fiji,2000,11.3
Fiji,2005,8.5
Fiji,2015,14
Fiji,2018,16
Fiji,2019,19.6
Fiji,2020,19.6
Fiji,2021,21.6
Fiji,2022,19.6
Finland,2000,37
Finland,2005,37.5
Finland,2010,40
Finland,2015,42.5
Finland,2018,42
Finland,2019,41.5
Finland,2020,46
Finland,2021,46
Finland,2022,45.5
France,2000,10.9
France,2005,12.2
France,2010,18.9
France,2015,26.2
France,2018,39
France,2019,39.7
France,2020,39.5
France,2021,39.5
France,2022,39.5
Gabon,2000,8.3
Gabon,2005,9.2
Gabon,2010,14.7
Gabon,2015,14.2
Gabon,2018,17.1
Gabon,2019,17.9
Gabon,2020,14.8
Gabon,2021,16.2
Gabon,2022,15.4
Gambia,2000,2
Gambia,2005,13.2
Gambia,2010,7.5
Gambia,2015,9.4
Gambia,2018,10.3
Gambia,2019,10.3
Gambia,2020,8.6
Gambia,2021,8.6
Gambia,2022,10.3
Georgia,2000,7.2
Georgia,2005,9.4
Georgia,2010,5.1
Georgia,2015,11.3
Georgia,2018,16
Georgia,2019,14.8
Georgia,2020,14.1
Georgia,2021,20.7
Georgia,2022,19.1
Germany,2000,30.9
Germany,2005,32.8
Germany,2010,32.8
Germany,2015,36.5
Germany,2018,30.7
Germany,2019,30.9
Germany,2020,31.2
Germany,2021,31.5
Germany,2022,34.9
Ghana,2000,9
Ghana,2005,10.9
Ghana,2010,8.3
Ghana,2015,10.9
Ghana,2018,12.7
Ghana,2019,13.1
Ghana,2020,13.1
Ghana,2021,14.6
Ghana,2022,14.6
Greece,2000,6.3
Greece,2005,14
Greece,2010,17.3
Greece,2015,23
Greece,2018,18.3
Greece,2019,18.7
Greece,2020,20.7
Greece,2021,21.7
Greece,2022,21
Grenada,2000,26.7
Grenada,2005,26.7
Grenada,2010,13.3
Grenada,2015,33.3
Grenada,2018,33.3
Grenada,2019,46.7
Grenada,2020,46.7
Grenada,2021,46.7
Grenada,2022,46.7
Guatemala,2000,7.1
Guatemala,2005,8.2
Guatemala,2010,12
Guatemala,2015,13.3
Guatemala,2018,12.7
Guatemala,2019,19
Guatemala,2020,19
Guatemala,2021,19.4
Guatemala,2022,19.4
Guinea,2000,8.8
Guinea,2005,19.3
Guinea,2015,21.9
Guinea,2018,21.9
Guinea,2019,22.8
Guinea,2020,22.8
Guinea,2021,16.7
Guinea-Bissau,2000,7.8
Guinea-Bissau,2005,14
Guinea-Bissau,2010,10
Guinea-Bissau,2015,13.7
Guinea-Bissau,2018,13.7
Guinea-Bissau,2019,13.7
Guinea-Bissau,2020,13.7
Guinea-Bissau,2021,13.7
Guinea-Bissau,2022,13.7
Guyana,2000,18.5
Guyana,2005,30.8
Guyana,2010,30
Guyana,2015,31.3
Guyana,2018,31.9
Guyana,2019,31.9
Guyana,2020,34.8
Guyana,2021,35.7
Guyana,2022,35.7
Haiti,2000,3.6
Haiti,2005,3.6
Haiti,2010,4.1
Haiti,2015,4.2
Haiti,2018,2.5
Haiti,2019,2.5
Haiti,2020,2.5
Honduras,2000,9.4
Honduras,2005,5.5
Honduras,2010,18
Honduras,2015,25.8
Honduras,2018,21.1
Honduras,2019,21.1
Honduras,2020,21.1
Honduras,2021,21.1
Honduras,2022,27.3
Hungary,2000,8.3
Hungary,2005,9.1
Hungary,2010,11.1
Hungary,2015,10.1
Hungary,2018,10.1
Hungary,2019,12.6
Hungary,2020,12.1
Hungary,2021,12.6
Hungary,2022,13.1
Iceland,2000,34.9
Iceland,2005,30.2
Iceland,2010,42.9
Iceland,2015,41.3
Iceland,2018,38.1
Iceland,2019,38.1
Iceland,2020,38.1
Iceland,2021,39.7
Iceland,2022,47.6
India,2000,9
India,2005,8.3
India,2010,10.8
India,2015,12
India,2018,11.8
India,2019,12.6
India,2020,14.4
India,2021,14.4
India,2022,14.9
Indonesia,2000,8
Indonesia,2005,11.3
Indonesia,2010,18
Indonesia,2015,17.1
Indonesia,2018,19.8
Indonesia,2019,18.2
Indonesia,2020,20.4
Indonesia,2021,21
Indonesia,2022,21.9
Iran (Islamic Republic of),2000,4.9
Iran (Islamic Republic of),2005,4.1
Iran (Islamic Republic of),2010,2.8
Iran (Islamic Republic of),2015,3.1
Iran (Islamic Republic of),2018,5.9
Iran (Islamic Republic of),2019,5.9
Iran (Islamic Republic of),2020,5.9
Iran (Islamic Republic of),2021,5.6
Iran (Islamic Republic of),2022,5.6
Iraq,2000,6.4
Iraq,2010,25.5
Iraq,2015,26.5
Iraq,2018,25.3
Iraq,2019,25.2
Iraq,2020,26.4
Iraq,2021,26.4
Iraq,2022,28.9
Ireland,2000,12
Ireland,2005,13.3
Ireland,2010,13.9
Ireland,2015,16.3
Ireland,2018,22.2
Ireland,2019,22.2
Ireland,2020,20.9
Ireland,2021,22.5
Ireland,2022,23.1
Israel,2000,11.7
Israel,2005,15
Israel,2010,19.2
Israel,2015,22.5
Israel,2018,27.5
Israel,2019,29.2
Israel,2020,23.3
Israel,2021,26.7
Israel,2022,30
Italy,2000,11.1
Italy,2005,11.5
Italy,2010,21.3
Italy,2015,31
Italy,2018,31
Italy,2019,35.7
Italy,2020,35.7
Italy,2021,35.7
Italy,2022,36.3
Jamaica,2000,13.3
Jamaica,2005,11.7
Jamaica,2010,13.3
Jamaica,2015,12.7
Jamaica,2018,17.5
Jamaica,2019,17.5
Jamaica,2020,17.5
Jamaica,2021,28.6
Jamaica,2022,28.6
Japan,2000,4.6
Japan,2005,7.1
Japan,2010,11.3
Japan,2015,9.5
Japan,2018,10.1
Japan,2019,10.2
Japan,2020,9.9
Japan,2021,9.9
Japan,2022,9.7
Jordan,2000,0
Jordan,2005,5.5
Jordan,2010,6.4
Jordan,2015,12
Jordan,2018,15.4
Jordan,2019,15.4
Jordan,2020,15.4
Jordan,2021,11.5
Jordan,2022,12.3
Kazakhstan,2000,10.4
Kazakhstan,2005,10.4
Kazakhstan,2010,17.8
Kazakhstan,2015,26.2
Kazakhstan,2018,27.1
Kazakhstan,2019,27.1
Kazakhstan,2020,27.1
Kazakhstan,2021,27.1
Kazakhstan,2022,27.4
Kenya,2000,3.6
Kenya,2005,7.1
Kenya,2010,9.8
Kenya,2015,19.7
Kenya,2018,21.8
Kenya,2019,21.8
Kenya,2020,21.8
Kenya,2021,21.6
Kenya,2022,21.4
Kiribati,2000,4.9
Kiribati,2005,4.8
Kiribati,2010,4.3
Kiribati,2015,8.7
Kiribati,2018,6.5
Kiribati,2019,6.5
Kiribati,2020,6.5
Kiribati,2021,6.7
Kiribati,2022,6.7
Kuwait,2000,0
Kuwait,2005,0
Kuwait,2010,7.7
Kuwait,2015,1.5
Kuwait,2018,3.1
Kuwait,2019,4.6
Kuwait,2020,6.4
Kuwait,2021,1.5
Kuwait,2022,1.6
Kyrgyzstan,2000,1.4
Kyrgyzstan,2005,10
Kyrgyzstan,2010,25.6
Kyrgyzstan,2015,23.3
Kyrgyzstan,2018,19.2
Kyrgyzstan,2019,19.2
Kyrgyzstan,2020,19.2
Kyrgyzstan,2021,17.1
Kyrgyzstan,2022,20.5
Lao People's Dem. Rep.,2000,21.2
Lao People's Dem. Rep.,2005,22.9
Lao People's Dem. Rep.,2010,25.2
Lao People's Dem. Rep.,2015,25
Lao People's Dem. Rep.,2018,27.5
Lao People's Dem. Rep.,2019,27.5
Lao People's Dem. Rep.,2020,27.5
Lao People's Dem. Rep.,2021,27.5
Lao People's Dem. Rep.,2022,22
Latvia,2000,17
Latvia,2005,21
Latvia,2010,22
Latvia,2015,18
Latvia,2018,16
Latvia,2019,31
Latvia,2020,30
Latvia,2021,29
Latvia,2022,27
Lebanon,2000,2.3
Lebanon,2005,2.3
Lebanon,2010,3.1
Lebanon,2015,3.1
Lebanon,2018,3.1
Lebanon,2019,4.7
Lebanon,2020,4.7
Lebanon,2021,4.7
Lebanon,2022,4.7
Lesotho,2000,3.8
Lesotho,2005,11.7
Lesotho,2010,24.2
Lesotho,2015,26.7
Lesotho,2018,22.1
Lesotho,2019,23.3
Lesotho,2020,23.3
Lesotho,2021,23.3
Lesotho,2022,24.4
Liberia,2000,7.8
Liberia,2005,5.3
Liberia,2010,12.5
Liberia,2015,11
Liberia,2018,9.9
Liberia,2019,12.3
Liberia,2020,12.3
Liberia,2021,11
Liberia,2022,11
Libya,2010,7.7
Libya,2015,16
Libya,2018,16
Libya,2019,16
Libya,2020,16
Libya,2021,16
Libya,2022,16.5
Liechtenstein,2000,4
Liechtenstein,2005,12
Liechtenstein,2010,24
Liechtenstein,2015,20
Liechtenstein,2018,12
Liechtenstein,2019,12
Liechtenstein,2020,12
Liechtenstein,2021,12
Liechtenstein,2022,28
Lithuania,2000,17.5
Lithuania,2005,22
Lithuania,2010,19.1
Lithuania,2015,23.4
Lithuania,2018,21.3
Lithuania,2019,21.3
Lithuania,2020,24.1
Lithuania,2021,27.7
Lithuania,2022,28.4
Luxembourg,2000,16.7
Luxembourg,2005,23.3
Luxembourg,2010,20
Luxembourg,2015,28.3
Luxembourg,2018,28.3
Luxembourg,2019,25
Luxembourg,2020,30
Luxembourg,2021,31.7
Luxembourg,2022,33.3
Madagascar,2000,8
Madagascar,2005,6.9
Madagascar,2015,20.5
Madagascar,2018,19.2
Madagascar,2019,19.2
Madagascar,2020,15.9
Madagascar,2021,17.9
Madagascar,2022,18.5
Malawi,2000,8.3
Malawi,2005,14
Malawi,2010,20.8
Malawi,2015,16.7
Malawi,2018,16.7
Malawi,2019,16.7
Malawi,2020,22.9
Malawi,2021,22.9
Malawi,2022,22.9
Malaysia,2000,7.3
Malaysia,2005,9.1
Malaysia,2010,9.9
Malaysia,2015,10.4
Malaysia,2018,10.4
Malaysia,2019,14.4
Malaysia,2020,14.4
Malaysia,2021,14.9
Malaysia,2022,15
Maldives,2000,6
Maldives,2005,12
Maldives,2010,6.5
Maldives,2015,5.9
Maldives,2018,5.9
Maldives,2019,4.7
Maldives,2020,4.6
Maldives,2021,4.6
Maldives,2022,4.6
Mali,2000,12.2
Mali,2005,10.2
Mali,2010,10.2
Mali,2015,9.5
Mali,2018,8.8
Mali,2019,8.8
Mali,2020,9.5
Mali,2021,27.3
Mali,2022,26.5
Malta,2000,9.2
Malta,2005,9.2
Malta,2010,8.7
Malta,2015,12.9
Malta,2018,11.9
Malta,2019,11.9
Malta,2020,13.4
Malta,2021,13.4
Malta,2022,13.4
Marshall Islands,2000,3
Marshall Islands,2005,3
Marshall Islands,2010,3
Marshall Islands,2015,3
Marshall Islands,2018,9.1
Marshall Islands,2019,9.1
Marshall Islands,2020,6.1
Marshall Islands,2021,6.1
Marshall Islands,2022,6.1
Mauritania,2000,3.8
Mauritania,2005,3.7
Mauritania,2010,22.1
Mauritania,2015,25.2
Mauritania,2018,25.2
Mauritania,2019,20.3
Mauritania,2020,20.3
Mauritania,2021,20.3
Mauritania,2022,20.3
Mauritius,2000,7.6
Mauritius,2005,5.7
Mauritius,2010,17.1
Mauritius,2015,11.6
Mauritius,2018,11.6
Mauritius,2019,11.6
Mauritius,2020,20
Mauritius,2021,20
Mauritius,2022,20
Mexico,2000,18.2
Mexico,2005,22.6
Mexico,2010,27.6
Mexico,2015,38
Mexico,2018,42.6
Mexico,2019,48.2
Mexico,2020,48.2
Mexico,2021,48.2
Mexico,2022,50
Micronesia (Fed. States of),2000,0
Micronesia (Fed. States of),2005,0
Micronesia (Fed. States of),2010,0
Micronesia (Fed. States of),2015,0
Micronesia (Fed. States of),2018,0
Micronesia (Fed. States of),2019,0
Micronesia (Fed. States of),2020,0
Micronesia (Fed. States of),2021,0
Micronesia (Fed. States of),2022,7.1
Monaco,2000,22.2
Monaco,2005,20.8
Monaco,2010,26.1
Monaco,2015,20.8
Monaco,2018,20.8
Monaco,2019,33.3
Monaco,2020,33.3
Monaco,2021,33.3
Monaco,2022,33.3
Mongolia,2000,7.9
Mongolia,2005,6.8
Mongolia,2010,3.9
Mongolia,2015,14.9
Mongolia,2018,17.1
Mongolia,2019,17.1
Mongolia,2020,17.3
Mongolia,2021,17.3
Mongolia,2022,17.1
Montenegro,2010,11.1
Montenegro,2015,17.3
Montenegro,2018,23.5
Montenegro,2019,23.5
Montenegro,2020,29.6
Montenegro,2021,24.7
Montenegro,2022,27.2
Morocco,2000,0.6
Morocco,2005,10.8
Morocco,2010,10.5
Morocco,2015,17
Morocco,2018,20.5
Morocco,2019,20.5
Morocco,2020,20.5
Morocco,2021,20.5
Morocco,2022,24.1
Mozambique,2000,30
Mozambique,2005,34.8
Mozambique,2010,39.2
Mozambique,2015,39.6
Mozambique,2018,39.6
Mozambique,2019,39.6
Mozambique,2020,41.2
Mozambique,2021,42.4
Mozambique,2022,42.4
Myanmar,2015,6.2
Myanmar,2018,10.2
Myanmar,2019,11.3
Myanmar,2020,11.1
Myanmar,2021,15.3
Myanmar,2022,15.3
Namibia,2000,22.2
Namibia,2005,25
Namibia,2010,26.9
Namibia,2015,41.3
Namibia,2018,46.2
Namibia,2019,46.2
Namibia,2020,42.7
Namibia,2021,44.2
Namibia,2022,44.2
Nauru,2000,0
Nauru,2005,0
Nauru,2010,0
Nauru,2015,5.3
Nauru,2018,10.5
Nauru,2019,10.5
Nauru,2020,10.5
Nauru,2021,10.5
Nauru,2022,10.5
Nepal,2000,5.9
Nepal,2010,33.2
Nepal,2015,29.5
Nepal,2018,32.7
Nepal,2019,32.7
Nepal,2020,32.7
Nepal,2021,32.7
Nepal,2022,33.6
Netherlands,2000,36
Netherlands,2005,36.7
Netherlands,2010,42
Netherlands,2015,37.3
Netherlands,2018,36
Netherlands,2019,31.3
Netherlands,2020,33.3
Netherlands,2021,33.3
Netherlands,2022,40.7
New Zealand,2000,29.2
New Zealand,2005,28.3
New Zealand,2010,33.6
New Zealand,2015,31.4
New Zealand,2018,38.3
New Zealand,2019,40
New Zealand,2020,40.8
New Zealand,2021,48.3
New Zealand,2022,49.2
Nicaragua,2000,9.7
Nicaragua,2005,20.7
Nicaragua,2010,20.7
Nicaragua,2015,39.1
Nicaragua,2018,45.7
Nicaragua,2019,44.6
Nicaragua,2020,47.3
Nicaragua,2021,48.4
Nicaragua,2022,50.6
Niger,2000,1.2
Niger,2005,12.4
Niger,2010,9.7
Niger,2015,13.3
Niger,2018,17
Niger,2019,17
Niger,2020,17
Niger,2021,25.9
Niger,2022,25.9
Nigeria,2005,4.7
Nigeria,2010,7
Nigeria,2015,6.7
Nigeria,2018,5.6
Nigeria,2019,5.6
Nigeria,2020,3.4
Nigeria,2021,3.6
Nigeria,2022,3.6
North Macedonia,2000,7.5
North Macedonia,2005,19.2
North Macedonia,2010,32.5
North Macedonia,2015,33.3
North Macedonia,2018,37.5
North Macedonia,2019,38.3
North Macedonia,2020,40
North Macedonia,2021,39.2
North Macedonia,2022,41.7
Norway,2000,36.4
Norway,2005,38.2
Norway,2010,39.6
Norway,2015,39.6
Norway,2018,41.4
Norway,2019,40.8
Norway,2020,41.4
Norway,2021,44.4
Norway,2022,45
Oman,2005,2.4
Oman,2010,0
Oman,2015,1.2
Oman,2018,1.2
Oman,2019,1.2
Oman,2020,2.3
Oman,2021,2.3
Oman,2022,2.3
Pakistan,2005,21.3
Pakistan,2010,22.2
Pakistan,2015,20.7
Pakistan,2018,20.6
Pakistan,2019,20.2
Pakistan,2020,20.2
Pakistan,2021,20.2
Pakistan,2022,20.5
Palau,2000,0
Palau,2005,0
Palau,2010,0
Palau,2015,0
Palau,2018,12.5
Palau,2019,12.5
Palau,2020,12.5
Palau,2021,6.3
Palau,2022,6.3
Panama,2000,9.7
Panama,2005,16.7
Panama,2010,8.5
Panama,2015,19.3
Panama,2018,18.3
Panama,2019,18.3
Panama,2020,22.5
Panama,2021,22.5
Panama,2022,22.5
Papua New Guinea,2000,1.8
Papua New Guinea,2005,0.9
Papua New Guinea,2010,0.9
Papua New Guinea,2015,2.7
Papua New Guinea,2018,0
Papua New Guinea,2019,0
Papua New Guinea,2020,0
Papua New Guinea,2021,0
Papua New Guinea,2022,0
Paraguay,2000,2.5
Paraguay,2005,10
Paraguay,2010,12.5
Paraguay,2015,15
Paraguay,2018,13.8
Paraguay,2019,15
Paraguay,2020,16.3
Paraguay,2021,15
Paraguay,2022,17.5
Peru,2000,10.8
Peru,2005,18.3
Peru,2010,27.5
Peru,2015,22.3
Peru,2018,27.7
Peru,2019,30
Peru,2020,30
Peru,2021,26.2
Peru,2022,40
Philippines,2000,12.4
Philippines,2005,15.3
Philippines,2010,21
Philippines,2015,27.2
Philippines,2018,29.5
Philippines,2019,29.5
Philippines,2020,28
Philippines,2021,28
Philippines,2022,27.7
Poland,2000,13
Poland,2005,20.2
Poland,2010,20
Poland,2015,24.1
Poland,2018,28
Poland,2019,29.1
Poland,2020,28.7
Poland,2021,28.3
Poland,2022,28.3
Portugal,2000,18.7
Portugal,2005,19.1
Portugal,2010,27.4
Portugal,2015,31.3
Portugal,2018,34.8
Portugal,2019,35.7
Portugal,2020,40
Portugal,2021,40
Portugal,2022,40
Qatar,2010,0
Qatar,2015,0
Qatar,2018,9.8
Qatar,2019,9.8
Qatar,2020,9.8
Qatar,2021,9.8
Qatar,2022,4.4
Republic of Korea,2000,3.7
Republic of Korea,2005,13
Republic of Korea,2010,14.7
Republic of Korea,2015,16.3
Republic of Korea,2018,17
Republic of Korea,2019,17.1
Republic of Korea,2020,17.3
Republic of Korea,2021,19
Republic of Korea,2022,18.6
Republic of Moldova,2000,8.9
Republic of Moldova,2005,15.8
Republic of Moldova,2010,23.8
Republic of Moldova,2015,20.8
Republic of Moldova,2018,22.8
Republic of Moldova,2019,22.8
Republic of Moldova,2020,24.8
Republic of Moldova,2021,24.8
Republic of Moldova,2022,40.6
Romania,2000,7.3
Romania,2005,11.4
Romania,2010,11.4
Romania,2015,13.7
Romania,2018,20.7
Romania,2019,20.7
Romania,2020,21.9
Romania,2021,18.5
Romania,2022,19.1
Russian Federation,2000,7.7
Russian Federation,2005,9.8
Russian Federation,2010,14
Russian Federation,2015,13.6
Russian Federation,2018,15.8
Russian Federation,2019,15.8
Russian Federation,2020,15.8
Russian Federation,2021,15.8
Russian Federation,2022,16.2
Rwanda,2000,17.1
Rwanda,2005,48.8
Rwanda,2010,56.3
Rwanda,2015,63.8
Rwanda,2018,61.3
Rwanda,2019,61.3
Rwanda,2020,61.3
Rwanda,2021,61.3
Rwanda,2022,61.3
Saint Kitts and Nevis,2000,13.3
Saint Kitts and Nevis,2005,0
Saint Kitts and Nevis,2010,6.7
Saint Kitts and Nevis,2015,6.7
Saint Kitts and Nevis,2018,13.3
Saint Kitts and Nevis,2019,13.3
Saint Kitts and Nevis,2020,20
Saint Kitts and Nevis,2021,25
Saint Kitts and Nevis,2022,25
Saint Lucia,2000,11.1
Saint Lucia,2005,11.1
Saint Lucia,2010,11.1
Saint Lucia,2015,16.7
Saint Lucia,2018,16.7
Saint Lucia,2019,16.7
Saint Lucia,2020,16.7
Saint Lucia,2021,16.7
Saint Lucia,2022,11.1
Saint Vincent & Grenadines,2000,4.8
Saint Vincent & Grenadines,2005,22.7
Saint Vincent & Grenadines,2010,21.7
Saint Vincent & Grenadines,2015,13
Saint Vincent & Grenadines,2018,13
Saint Vincent & Grenadines,2019,13
Saint Vincent & Grenadines,2020,13
Saint Vincent & Grenadines,2021,18.2
Saint Vincent & Grenadines,2022,18.2
Samoa,2000,8.2
Samoa,2005,6.1
Samoa,2010,8.2
Samoa,2015,6.1
Samoa,2018,10
Samoa,2019,10
Samoa,2020,10
Samoa,2021,10
Samoa,2022,7.8
San Marino,2000,13.3
San Marino,2005,16.7
San Marino,2010,16.7
San Marino,2015,16.7
San Marino,2018,26.7
San Marino,2019,25
San Marino,2020,31.7
San Marino,2021,33.3
San Marino,2022,33.3
Sao Tome and Principe,2000,9.1
Sao Tome and Principe,2005,9.1
Sao Tome and Principe,2010,7.3
Sao Tome and Principe,2015,18.2
Sao Tome and Principe,2018,18.2
Sao Tome and Principe,2019,14.5
Sao Tome and Principe,2020,14.6
Sao Tome and Principe,2021,23.6
Sao Tome and Principe,2022,23.6
Saudi Arabia,2005,0
Saudi Arabia,2010,0
Saudi Arabia,2015,19.9
Saudi Arabia,2018,19.9
Saudi Arabia,2019,19.9
Saudi Arabia,2020,19.9
Saudi Arabia,2021,19.9
Saudi Arabia,2022,19.9
Senegal,2000,12.1
Senegal,2005,19.2
Senegal,2010,22.7
Senegal,2015,42.7
Senegal,2018,41.8
Senegal,2019,41.8
Senegal,2020,43
Senegal,2021,43
Senegal,2022,42.7
Serbia,2010,21.6
Serbia,2015,34
Serbia,2018,34.4
Serbia,2019,37.7
Serbia,2020,37.7
Serbia,2021,39.2
Serbia,2022,40
Serbia and Monten. [former],2000,5.1
Serbia and Monten. [former],2005,7.9
Seychelles,2000,23.5
Seychelles,2005,29.4
Seychelles,2010,23.5
Seychelles,2015,43.8
Seychelles,2018,21.2
Seychelles,2019,21.2
Seychelles,2020,21.2
Seychelles,2021,22.9
Seychelles,2022,22.9
Sierra Leone,2000,8.8
Sierra Leone,2005,14.5
Sierra Leone,2010,13.2
Sierra Leone,2015,12.4
Sierra Leone,2018,12.4
Sierra Leone,2019,12.3
Sierra Leone,2020,12.3
Sierra Leone,2021,12.3
Sierra Leone,2022,12.3
Singapore,2000,4.3
Singapore,2005,16
Singapore,2010,23.4
Singapore,2015,25.3
Singapore,2018,23
Singapore,2019,23
Singapore,2020,24
Singapore,2021,29.5
Singapore,2022,29.1
Slovakia,2000,12.7
Slovakia,2005,16.7
Slovakia,2010,18
Slovakia,2015,18.7
Slovakia,2018,20
Slovakia,2019,20
Slovakia,2020,20.7
Slovakia,2021,22.7
Slovakia,2022,21.3
Slovenia,2000,7.8
Slovenia,2005,12.2
Slovenia,2010,14.4
Slovenia,2015,36.7
Slovenia,2018,36.7
Slovenia,2019,24.4
Slovenia,2020,27.8
Slovenia,2021,26.7
Slovenia,2022,28.9
Solomon Islands,2000,2
Solomon Islands,2005,0
Solomon Islands,2010,0
Solomon Islands,2015,2
Solomon Islands,2018,2
Solomon Islands,2019,2
Solomon Islands,2020,6.1
Solomon Islands,2021,8
Solomon Islands,2022,8
Somalia,2010,6.9
Somalia,2015,13.8
Somalia,2018,24.4
Somalia,2019,24.4
Somalia,2020,24.4
Somalia,2021,24.4
Somalia,2022,24.4
South Africa,2000,30
South Africa,2005,32.8
South Africa,2010,44.5
South Africa,2015,41.5
South Africa,2018,42.4
South Africa,2019,42.7
South Africa,2020,46.4
South Africa,2021,45.8
South Africa,2022,46.7
South Sudan,2015,26.5
South Sudan,2018,28.5
South Sudan,2019,28.5
South Sudan,2020,28.5
South Sudan,2021,28.5
South Sudan,2022,32.4
Spain,2000,21.6
Spain,2005,36
Spain,2010,36.6
Spain,2015,41.1
Spain,2018,39.1
Spain,2019,41.1
Spain,2020,44
Spain,2021,44
Spain,2022,43
Sri Lanka,2000,4.9
Sri Lanka,2005,4.9
Sri Lanka,2010,5.8
Sri Lanka,2015,5.8
Sri Lanka,2018,5.8
Sri Lanka,2019,5.3
Sri Lanka,2020,5.3
Sri Lanka,2021,5.4
Sri Lanka,2022,5.3
Sudan,2015,24.3
Sudan,2018,30.5
Sudan,2019,27.7
Sudan [former],2000,8.8
Sudan [former],2005,9.7
Sudan [former],2010,18.9
Suriname,2000,15.7
Suriname,2005,19.6
Suriname,2010,25.5
Suriname,2015,11.8
Suriname,2018,25.5
Suriname,2019,29.4
Suriname,2020,31.4
Suriname,2021,29.4
Suriname,2022,29.4
Sweden,2000,42.7
Sweden,2005,45.3
Sweden,2010,46.4
Sweden,2015,43.6
Sweden,2018,43.6
Sweden,2019,47.3
Sweden,2020,47
Sweden,2021,47
Sweden,2022,46.1
Switzerland,2000,22.5
Switzerland,2005,25
Switzerland,2010,29
Switzerland,2015,30.5
Switzerland,2018,32.5
Switzerland,2019,32.5
Switzerland,2020,41.5
Switzerland,2021,42
Switzerland,2022,42.5
Syrian Arab Republic,2000,10.4
Syrian Arab Republic,2005,12
Syrian Arab Republic,2010,12.4
Syrian Arab Republic,2015,12.4
Syrian Arab Republic,2018,13.2
Syrian Arab Republic,2019,13.2
Syrian Arab Republic,2020,12.4
Syrian Arab Republic,2021,11.2
Syrian Arab Republic,2022,11.2
Tajikistan,2000,2.8
Tajikistan,2005,12.7
Tajikistan,2010,17.5
Tajikistan,2015,16.9
Tajikistan,2018,19
Tajikistan,2019,19
Tajikistan,2020,19.1
Tajikistan,2021,23.8
Tajikistan,2022,27
Thailand,2000,5.6
Thailand,2005,8.8
Thailand,2010,13.3
Thailand,2015,6.1
Thailand,2018,4.8
Thailand,2019,5.4
Thailand,2020,16.2
Thailand,2021,15.8
Thailand,2022,15.8
Timor-Leste,2005,25.3
Timor-Leste,2010,29.2
Timor-Leste,2015,38.5
Timor-Leste,2018,32.3
Timor-Leste,2019,40
Timor-Leste,2020,38.5
Timor-Leste,2021,38.5
Timor-Leste,2022,40
Togo,2000,4.9
Togo,2005,6.2
Togo,2010,11.1
Togo,2015,17.6
Togo,2018,17.6
Togo,2019,16.5
Togo,2020,18.7
Togo,2021,18.7
Togo,2022,18.7
Tonga,2000,0
Tonga,2005,0
Tonga,2010,3.1
Tonga,2015,0
Tonga,2018,7.4
Tonga,2019,7.4
Tonga,2020,7.4
Tonga,2021,7.4
Tonga,2022,3.7
Trinidad and Tobago,2000,11.1
Trinidad and Tobago,2005,19.4
Trinidad and Tobago,2010,26.8
Trinidad and Tobago,2015,28.6
Trinidad and Tobago,2018,31
Trinidad and Tobago,2019,31
Trinidad and Tobago,2020,31
Trinidad and Tobago,2021,26.2
Trinidad and Tobago,2022,26.2
Tunisia,2000,11.5
Tunisia,2005,22.8
Tunisia,2010,27.6
Tunisia,2015,31.3
Tunisia,2018,31.3
Tunisia,2019,35.9
Tunisia,2020,24.9
Tunisia,2021,26.3
Tunisia,2022,26.3
Türkiye,2000,4.2
Türkiye,2005,4.4
Türkiye,2010,9.1
Türkiye,2015,14.4
Türkiye,2018,14.6
Türkiye,2019,17.4
Türkiye,2020,17.3
Türkiye,2021,17.3
Türkiye,2022,17.4
Turkmenistan,2000,26
Turkmenistan,2010,16.8
Turkmenistan,2015,25.8
Turkmenistan,2018,25.8
Turkmenistan,2019,25
Turkmenistan,2020,25
Turkmenistan,2021,25
Turkmenistan,2022,25.9
Tuvalu,2000,0
Tuvalu,2005,0
Tuvalu,2010,0
Tuvalu,2015,6.7
Tuvalu,2018,6.7
Tuvalu,2019,6.7
Tuvalu,2020,6.3
Tuvalu,2021,6.3
Tuvalu,2022,6.3
Uganda,2000,17.9
Uganda,2005,23.9
Uganda,2010,31.5
Uganda,2015,35
Uganda,2018,34.3
Uganda,2019,34.9
Uganda,2020,34.9
Uganda,2021,34.9
Uganda,2022,33.8
Ukraine,2000,7.8
Ukraine,2005,5.3
Ukraine,2010,8
Ukraine,2015,11.8
Ukraine,2018,12.3
Ukraine,2019,11.6
Ukraine,2020,20.8
Ukraine,2021,20.8
Ukraine,2022,20.3
United Arab Emirates,2000,0
United Arab Emirates,2005,0
United Arab Emirates,2010,22.5
United Arab Emirates,2015,17.5
United Arab Emirates,2018,22.5
United Arab Emirates,2019,22.5
United Arab Emirates,2020,50
United Arab Emirates,2021,50
United Arab Emirates,2022,50
United Kingdom,2000,18.4
United Kingdom,2005,18.1
United Kingdom,2010,19.5
United Kingdom,2015,22.8
United Kingdom,2018,32
United Kingdom,2019,32
United Kingdom,2020,33.9
United Kingdom,2021,33.9
United Kingdom,2022,34.4
United Rep. of Tanzania,2000,22.2
United Rep. of Tanzania,2005,21.4
United Rep. of Tanzania,2010,30.7
United Rep. of Tanzania,2015,36
United Rep. of Tanzania,2018,37.2
United Rep. of Tanzania,2019,36.9
United Rep. of Tanzania,2020,36.9
United Rep. of Tanzania,2021,36.7
United Rep. of Tanzania,2022,36.9
United States of America,2000,13.3
United States of America,2005,14.9
United States of America,2010,16.8
United States of America,2015,19.4
United States of America,2018,19.5
United States of America,2019,23.6
United States of America,2020,23.4
United States of America,2021,27.3
United States of America,2022,27.7
Uruguay,2000,12.1
Uruguay,2005,12.1
Uruguay,2010,14.1
Uruguay,2015,13.1
Uruguay,2018,20.2
Uruguay,2019,22.2
Uruguay,2020,21.2
Uruguay,2021,24.2
Uruguay,2022,25.3
Uzbekistan,2000,6.8
Uzbekistan,2005,17.5
Uzbekistan,2010,22
Uzbekistan,2015,16
Uzbekistan,2018,16
Uzbekistan,2019,16
Uzbekistan,2020,32
Uzbekistan,2021,32.7
Uzbekistan,2022,33.3
Vanuatu,2000,0
Vanuatu,2005,3.8
Vanuatu,2010,3.8
Vanuatu,2015,0
Vanuatu,2018,0
Vanuatu,2019,0
Vanuatu,2020,0
Vanuatu,2021,0
Vanuatu,2022,0
Venezuela (Boliv. Rep. of),2000,12.1
Venezuela (Boliv. Rep. of),2005,9.7
Venezuela (Boliv. Rep. of),2010,17.5
Venezuela (Boliv. Rep. of),2015,17
Venezuela (Boliv. Rep. of),2018,22.2
Venezuela (Boliv. Rep. of),2019,22.2
Venezuela (Boliv. Rep. of),2020,22.2
Venezuela (Boliv. Rep. of),2021,22.2
Viet Nam,2000,26
Viet Nam,2005,27.3
Viet Nam,2010,25.8
Viet Nam,2015,24.3
Viet Nam,2018,26.7
Viet Nam,2019,26.7
Viet Nam,2020,26.7
Viet Nam,2021,26.7
Viet Nam,2022,30.3
Yemen,2000,0.7
Yemen,2005,0.3
Yemen,2010,0.3
Yemen,2015,0.3
Yemen,2018,0
Yemen,2019,0.3
Yemen,2020,0.3
Yemen,2021,0.3
Yemen,2022,0
Zambia,2000,10.1
Zambia,2005,12
Zambia,2010,14
Zambia,2015,12.7
Zambia,2018,18
Zambia,2019,18
Zambia,2020,16.8
Zambia,2021,16.8
Zambia,2022,15.1
Zimbabwe,2000,14
Zimbabwe,2005,10
Zimbabwe,2010,15
Zimbabwe,2015,31.5
Zimbabwe,2018,33.2
Zimbabwe,2019,31.9
Zimbabwe,2020,31.9
Zimbabwe,2021,31.9
Zimbabwe,2022,30.6
